model,timeframe,dtype,coef,ci_lower,ci_upper,se
arrhenius_1896,1896-2024,model_time,0.0011333333333333328,0.0011333333333333295,0.001133333333333336,1.6594931211512823e-18
arrhenius_1896,1896-2024,model_forcing,1.5675426463808173,1.5675213374067287,1.567563955354906,1.0871925555400628e-05
callendar_1938,1920-2024,model_time,0.002442851959361396,0.0022273034406160345,0.0026584004781067577,0.00010997373405375594
callendar_1938,1920-2024,model_forcing,0.35066563874567613,0.32370124575281195,0.3776300317385403,0.013757343363706216
plass_1953,1953-2024,model_time,0.029606299212598303,0.029606299212598185,0.02960629921259842,6.018428386041984e-17
plass_1953,1953-2024,model_forcing,1.0134770889487896,1.0134770889487892,1.01347708894879,2.2657612747452175e-16
plass_1956,1900-2000,model_time,0.010999999999999985,0.010999999999999928,0.011000000000000043,2.920707893226257e-17
plass_1956,1900-2000,model_forcing,0.7836718047437842,0.7836718047434484,0.7836718047441199,1.7129155237073844e-13
plass_1959,1952-2000,model_time,0.029166666666666605,0.02916666666666627,0.029166666666666938,1.699320956058913e-16
plass_1959,1952-2000,model_forcing,0.803279388265656,0.8032690610566351,0.803289715474677,5.268984194359113e-06
kondratiev_1960_lower,1960-2000,model_time,0.0010531711434569994,0.0010531711434569955,0.0010531711434570033,1.991391745381539e-18
kondratiev_1960_lower,1960-2000,model_forcing,0.135135135135135,0.13510657360951392,0.1351636966607561,1.4572206949533018e-05
kondratiev_1960_median,1960-2000,model_time,0.0013053873874204463,0.0013053873874204424,0.0013053873874204502,1.991391745381539e-18
kondratiev_1960_median,1960-2000,model_forcing,0.1351351351351352,0.13513513513513517,0.13513513513513523,1.416100796715761e-17
kondratiev_1960_upper,1960-2000,model_time,0.001557603631383893,0.0015576036313838832,0.0015576036313839027,4.978479363453847e-18
kondratiev_1960_upper,1960-2000,model_forcing,0.1351351351351353,0.13513513513513528,0.13513513513513534,1.416100796715761e-17
wilkins_1961_lower,1961-2024,model_time,0.005559999999999953,0.00555999999999989,0.005560000000000016,3.2304799425078296e-17
wilkins_1961_lower,1961-2024,model_forcing,0.26806723142574773,0.2602913502420258,0.27584311260946964,0.003967286318225465
wilkins_1961_median,1961-2024,model_time,0.008334999999999922,0.008334999999999797,0.008335000000000047,6.372453585220925e-17
wilkins_1961_median,1961-2024,model_forcing,0.4018597794844614,0.3917983106931638,0.411921248275759,0.005133402444539592
wilkins_1961_upper,1961-2024,model_time,0.01110999999999989,0.0111099999999998,0.011109999999999981,4.602327589326223e-17
wilkins_1961_upper,1961-2024,model_forcing,0.535652327543175,0.5245068722515035,0.5467977828348466,0.005686456781465075
psac_1965,1860-2000,model_time,0.02282780889303637,-0.005849156031884479,0.05150477381795722,0.014631104553531045
psac_1965,1860-2000,model_forcing,3.3801915374654747,3.3801768242421923,3.380206250688757,7.506746572649034e-06
sargent_1967_lower,1967-2000,model_time,0.07272727272727322,0.07272727272727145,0.072727272727275,9.06304509898087e-16
sargent_1967_lower,1967-2000,model_forcing,1.3402699853114735,1.340269985311473,1.340269985311474,2.2657612747452175e-16
sargent_1967_average,1967-2000,model_time,0.07272727272727322,0.07272727272727145,0.072727272727275,9.06304509898087e-16
sargent_1967_average,1967-2000,model_forcing,1.6403316664556153,1.640331666455615,1.6403316664556158,2.2657612747452175e-16
sargent_1967_upper,1967-2000,model_time,0.07272727272727322,0.07272727272727145,0.072727272727275,9.06304509898087e-16
sargent_1967_upper,1967-2000,model_forcing,2.1397176000738587,2.1397176000738583,2.139717600073859,2.2657612747452175e-16
fletcher_1969_lower,1969-2000,model_time,0.048387096774194394,0.048387096774192964,0.04838709677419582,7.292919103086169e-16
fletcher_1969_lower,1969-2000,model_forcing,0.6687265687456638,0.6687146208874303,0.6687385166038974,6.095846037526496e-06
fletcher_1969_average,1969-2000,model_time,0.048387096774194394,0.048387096774192964,0.04838709677419582,7.292919103086169e-16
fletcher_1969_average,1969-2000,model_forcing,0.7935000658360586,0.7935000658360583,0.7935000658360589,1.699320956058913e-16
fletcher_1969_upper,1969-2000,model_time,0.048387096774194394,0.048387096774192964,0.04838709677419582,7.292919103086169e-16
fletcher_1969_upper,1969-2000,model_forcing,0.9805662324539316,0.9805662324539314,0.9805662324539318,1.1328806373726087e-16
peterson_1969,1950-2020,model_time,0.026319025262687618,0.01695309420774082,0.035684956317634416,0.004778536252523877
peterson_1969,1950-2020,model_forcing,0.6649152949974549,0.663823198600417,0.6660073913944928,0.0005571920393050456
tilson_1969,1952-2000,model_time,0.029166666666666605,0.02916666666666627,0.029166666666666938,1.699320956058913e-16
tilson_1969,1952-2000,model_forcing,0.803279388265656,0.8032690610566351,0.803289715474677,5.268984194359113e-06
austin_1970,1970-2024,model_time,0.05404301882605901,0.04262368245307996,0.06546235519903806,0.005826192027030129
austin_1970,1970-2024,model_forcing,0.4902676399026765,0.4902676399026764,0.49026763990267663,5.664403186863044e-17
barrett_1970,1970-2024,model_time,0.005882352941176433,0.005882352941176335,0.005882352941176531,5.000605938402531e-17
barrett_1970,1970-2024,model_forcing,0.5393252489304535,0.5393252489304534,0.5393252489304536,5.664403186863044e-17
benton_1970,1970-2000,model_time,0.019951612903225932,0.019772547832459443,0.02013067797399242,9.135972998290254e-05
benton_1970,1970-2000,model_forcing,0.5872931451403894,0.5800013269652321,0.5945849633155468,0.003720315395488438
fletcher_1970,1970-2000,model_time,0.033333333333333555,0.03333333333333312,0.03333333333333399,2.2303587548273236e-16
fletcher_1970,1970-2000,model_forcing,0.4610419548178883,0.46103340248688096,0.4610505071488956,4.363434187412073e-06
landsberg_1970,1970-2024,model_time,0.006763580398119459,0.006732577600202534,0.006794583196036384,1.5817754039247364e-05
landsberg_1970,1970-2024,model_forcing,0.5393743257820927,0.5393743257820925,0.5393743257820928,5.664403186863044e-17
manabe_1970,1900-2000,model_time,0.006717181129877678,0.006114009147466618,0.007320353112288738,0.0003077408073525817
manabe_1970,1900-2000,model_forcing,0.6685989883699608,0.6664226353781978,0.6707753413617238,0.0011103841794709171
mitchell_1970,1969-2000,model_time,0.016770527859237893,0.013435026857486264,0.020106028860989524,0.001701786225383485
mitchell_1970,1969-2000,model_forcing,0.714721062190254,0.5130051374800033,0.9164369869005047,0.10291628811747484
pceq_1970,1970-2010,model_time,0.019444444444444563,0.019444444444444493,0.019444444444444632,3.540251991789402e-17
pceq_1970,1970-2010,model_forcing,0.6515044823275568,0.6515044823275566,0.6515044823275569,5.664403186863044e-17
lovelock_1971,1971-2000,model_time,0.028586206896551267,0.028586206896550673,0.02858620689655186,3.026915452979939e-16
lovelock_1971,1971-2000,model_forcing,0.5880537519518285,0.5880537519518283,0.5880537519518287,1.1328806373726087e-16
macdonald_1971,1971-2024,model_time,0.021800000000000132,0.02180000000000005,0.021800000000000215,4.2483023901472825e-17
macdonald_1971,1971-2024,model_forcing,0.5879180151024817,0.5879180151024815,0.5879180151024818,5.664403186863044e-17
matthews_1971,1971-2000,model_time,0.017241379310344557,0.017241379310344255,0.01724137931034486,1.54000961642839e-16
matthews_1971,1971-2000,model_forcing,0.5892495579815435,0.5892495579815434,0.5892495579815437,5.664403186863044e-17
rasool_1971,1970-2000,model_time,0.0033467741935484093,0.0032332018092163695,0.0034603465778804492,5.794509404695912e-05
rasool_1971,1970-2000,model_forcing,0.19680104382255015,0.18997845270752226,0.20362363493757804,0.0034809138341979047
budyko_1972_lower,1970-2000,model_time,0.01580133654072593,0.01494769541433858,0.016654977667113276,0.0004355311869323205
budyko_1972_lower,1970-2000,model_forcing,0.6339753437611262,0.5382358185761384,0.7297148689461139,0.048846696522952926
budyko_1972_median,1970-2000,model_time,0.01580133654072593,0.01494769541433858,0.016654977667113276,0.0004355311869323205
budyko_1972_median,1970-2000,model_forcing,0.5502028243644397,0.4899519525545348,0.6104536961743446,0.030740240719339253
budyko_1972_upper,1970-2000,model_time,0.01580133654072593,0.01494769541433858,0.016654977667113276,0.0004355311869323205
budyko_1972_upper,1970-2000,model_forcing,0.4859854589885329,0.4103033788429252,0.5616675391341406,0.03861330619673861
ferland_1972,1900-2000,model_time,0.00395038006867492,0.0035954823014990563,0.004305277835850783,0.00018107028937544055
ferland_1972,1900-2000,model_forcing,0.393694851463652,0.39369485146365196,0.3936948514636521,2.832201593431522e-17
machta_1972_a,1970-2000,model_time,0.016778306235882987,0.016034171185172343,0.01752244128659363,0.0003796607401584918
machta_1972_a,1970-2000,model_forcing,0.589615853088445,0.5896158530884449,0.5896158530884451,5.664403186863044e-17
machta_1972_b,1970-2000,model_time,0.016803025461963716,0.01603748990474846,0.017568561019178974,0.00039057936592615196
machta_1972_b,1970-2000,model_forcing,0.5007907366597514,0.5007907366597514,0.5007907366597514,0.0
nsb_1972_lower,1970-2020,model_time,0.004256703007182477,0.0042365804205968085,0.004276825593768146,1.026662580901477e-05
nsb_1972_lower,1970-2020,model_forcing,0.3179994268708516,0.31798498873202347,0.3180138650096797,7.366397361286313e-06
nsb_1972_median,1970-2020,model_time,0.012112764260797743,0.01201858325365844,0.012206945267937044,4.805153425474581e-05
nsb_1972_median,1970-2020,model_forcing,0.6508241521131612,0.650381711850794,0.6512665923755285,0.00022573482773840967
nsb_1972_upper,1970-2020,model_time,0.019968825514413004,0.019800583534764712,0.020137067494061297,8.583774471851662e-05
nsb_1972_upper,1970-2020,model_forcing,0.8376486201354301,0.8376394241521635,0.8376578161186966,4.691828197214868e-06
sawyer_1972,1969-2000,model_time,0.019296187683284803,0.019005297744902193,0.019587077621667413,0.0001484132338686787
sawyer_1972,1969-2000,model_forcing,0.5012309549814449,0.49434690135407156,0.5081150086088182,0.0035122722588639393
palmer_1973,1970-2000,model_time,0.016170219164177563,0.015450894169282737,0.01688954415907239,0.0003670025484157279
palmer_1973,1970-2000,model_forcing,0.6346713945215561,0.634671394521556,0.6346713945215562,5.664403186863044e-17
landsberg_1974,1974-2014,model_time,0.020823015480139585,0.01957125679617088,0.022074774164108288,0.0006386523897799507
landsberg_1974,1974-2014,model_forcing,0.6334346204747142,0.6146656655977805,0.652203575351648,0.00957599738619069
barrett_1975,1975-2000,model_time,0.006575554706892037,0.006512141858660679,0.006638967555123395,3.235349399559086e-05
barrett_1975,1975-2000,model_forcing,0.3956551065552221,0.395655106555222,0.39565510655522224,5.664403186863044e-17
broecker_1975,1970-2010,model_time,0.0183275261324043,0.003873694635388567,0.03278135762942003,0.007374403825008026
broecker_1975,1970-2010,model_forcing,0.6577525132462099,0.6104126910519398,0.7050923354404799,0.024152970507280623
schneider_1975_lower,1975-2024,model_time,0.027370228091236334,0.02710541153876142,0.02763504464371125,0.00013511048595658882
schneider_1975_lower,1975-2024,model_forcing,0.5378082148899731,0.5371591531739873,0.5384572766059589,0.00033115393672743725
schneider_1975_median,1975-2024,model_time,0.03428547418967566,0.03397349852511616,0.034597449854235164,0.00015917125742831822
schneider_1975_median,1975-2024,model_forcing,0.6736460603271933,0.6735264609280037,0.6737656597263829,6.102010162734493e-05
schneider_1975_upper,1975-2024,model_time,0.04120072028811499,0.040841585511470914,0.04155985506475907,0.00018323202890004053
schneider_1975_upper,1975-2024,model_forcing,0.8094839057644134,0.8082175757210861,0.8107502358077407,0.0006460867567996551
usgarp_1975,1975-2000,model_time,0.020389208764214378,0.015504574415964131,0.025273843112464625,0.00249216038176033
usgarp_1975,1975-2000,model_forcing,0.6013478931164785,0.6013478931164784,0.6013478931164786,5.664403186863044e-17
watts_1975,1975-2000,model_time,0.06319999999999817,0.06319999999999401,0.06320000000000234,2.1241511950736415e-15
watts_1975,1975-2000,model_forcing,0.5082821240861433,0.5082685660804666,0.50829568209182,6.917349835054058e-06
budyko_1977,1975-2000,model_time,0.025599999999999262,0.025599999999997902,0.025600000000000622,6.938893903907228e-16
budyko_1977,1975-2000,model_forcing,0.5871559633027528,0.5871502157182044,0.5871617108873012,2.9324410961275853e-06
nordhaus_1977,1974-2024,model_time,0.023889592760180968,0.02165411462966866,0.026125070890693276,0.0011405500665879124
nordhaus_1977,1974-2024,model_forcing,0.5602762352382047,0.5226391681480441,0.5979133023283653,0.019202585250081925
rotty_1977_lower,1975-2024,model_time,0.023454545454545353,0.023454440447693976,0.02345465046139673,5.3574924172116497e-08
rotty_1977_lower,1975-2024,model_forcing,0.4033231382840873,0.4033137085397535,0.40333256802842105,4.8110940478400675e-06
rotty_1977_median,1975-2024,model_time,0.03054545454545441,0.03054545454545414,0.03054545454545468,1.380698276797867e-16
rotty_1977_median,1975-2024,model_forcing,0.5252580405560208,0.5252580405560207,0.5252580405560209,5.664403186863044e-17
rotty_1977_upper,1975-2024,model_time,0.037636363636363475,0.03763636363636275,0.037636363636364197,3.6818620714609783e-16
rotty_1977_upper,1975-2024,model_forcing,0.6471929428279541,0.647192942827954,0.6471929428279543,5.664403186863044e-17
kellogg_1978_lower,1978-2024,model_time,0.026595744680850818,0.02481774423115958,0.028373745130542055,0.000907143086577162
kellogg_1978_lower,1978-2024,model_forcing,0.6494544172838371,0.2983524524678031,1.0005563820998713,0.17913365551838473
kellogg_1978_median,1978-2024,model_time,0.045212765957446464,0.027883857506075044,0.06254167440881789,0.008841279822128277
kellogg_1978_median,1978-2024,model_forcing,1.1191920664895436,1.0290410718792615,1.2093430610998257,0.04599540541340923
kellogg_1978_upper,1978-2024,model_time,0.06382978723404212,0.0304757172799592,0.09718385718812503,0.017017382629634138
kellogg_1978_upper,1978-2024,model_forcing,1.5889297156952504,1.0990656601738373,2.0787937712166635,0.24993064057214953
rotty_1978_lower,1860-2024,model_time,0.004566553078639195,0.004127023380047277,0.005006082777231113,0.0002242498462203663
rotty_1978_lower,1860-2024,model_forcing,0.4043223456853212,0.40431740252196047,0.40432728884868196,2.522022122831045e-06
rotty_1978_median,1860-2024,model_time,0.006852238137515028,0.00619271177016587,0.007511764504864186,0.0003364930445658968
rotty_1978_median,1860-2024,model_forcing,0.6066967687103044,0.6066967687103044,0.6066967687103044,0.0
rotty_1978_upper,1860-2024,model_time,0.009137923196390861,0.008258400160284464,0.010017446232497259,0.0004487362429114273
rotty_1978_upper,1860-2024,model_forcing,0.8090711917352876,0.8090711917352876,0.8090711917352876,0.0
hoyt_1979_lower,1970-2000,model_time,0.010011755811609535,0.009879763471825065,0.010143748151394006,6.73430305022809e-05
hoyt_1979_lower,1970-2000,model_forcing,0.6261182606719109,0.6261182606719108,0.626118260671911,5.664403186863044e-17
hoyt_1979_median,1970-2000,model_time,0.011683233376760598,0.011542598358017605,0.011823868395503591,7.175256058315986e-05
hoyt_1979_median,1970-2000,model_forcing,0.5863571635876855,0.5863250551142353,0.5863892720611358,1.6381874209313336e-05
hoyt_1979_upper,1970-2000,model_time,0.01335471094191166,0.013205424447014733,0.013503997436808588,7.616657902904463e-05
hoyt_1979_upper,1970-2000,model_forcing,0.5597063634465188,0.5597063634465187,0.5597063634465189,5.664403186863044e-17
niehaus_1979,1979-2024,model_time,0.02703530743422754,0.02360784930092204,0.03046276556753304,0.0017487031292375
niehaus_1979,1979-2024,model_forcing,0.5739559779297478,0.4628386711837168,0.6850732846757789,0.056692503441852574
hoffert_1980_lower,1980-2000,model_time,0.011465175699998865,0.011191084261016962,0.011739267138980769,0.00013984257090913444
hoffert_1980_lower,1980-2000,model_forcing,0.38772172816240436,0.3801229647835332,0.3953204915412755,0.0038769200912607987
hoffert_1980_average,1980-2000,model_time,0.012654857600000288,0.012347523903029355,0.01296219129697122,0.00015680290661782258
hoffert_1980_average,1980-2000,model_forcing,0.42797526717286605,0.42513815018174833,0.43081238416398376,0.0014475086689376103
hoffert_1980_upper,1980-2000,model_time,0.01480232210000194,0.014436778815039136,0.015167865384964745,0.00018650167600143088
hoffert_1980_upper,1980-2000,model_forcing,0.5006278053742603,0.4913451002326916,0.509910510515829,0.004736074051820767
cess_1981_lower,1981-2024,model_time,0.024260921095771763,0.023100977989417435,0.02542086420212609,0.0005918077073236368
cess_1981_lower,1981-2024,model_forcing,0.37370882128613614,0.3625055334563839,0.38491210911588836,0.005715963178445009
cess_1981_median,1981-2024,model_time,0.02667450899830877,0.02542819481198814,0.027920823184629396,0.000635874584857463
cess_1981_median,1981-2024,model_forcing,0.41055622494282284,0.36613210026913307,0.4549803496165126,0.02266536973147438
cess_1981_upper,1981-2024,model_time,0.029088096900845774,0.02775352878917186,0.030422665012519688,0.0006809020977928135
cess_1981_upper,1981-2024,model_forcing,0.44740362859950955,0.3974904267537241,0.497316830445295,0.025465919309074214
hansen_1981,1980-2024,model_time,0.013569169960474303,0.01105069385385523,0.016087646067093377,0.001284936789091364
hansen_1981,1980-2024,model_forcing,0.43540732929079895,0.42565135139082455,0.44516330719077335,0.004977539744884898
schneider_1981,1981-2024,model_time,0.023644115574348215,0.021745446003641096,0.025542785145055334,0.0009687089646464894
schneider_1981,1981-2024,model_forcing,0.5869012364449628,0.5837547274405681,0.5900477454493576,0.0016053617369360849
gilliland_1982,1925-2024,model_time,0.011416666666666655,0.01141666666666662,0.01141666666666669,1.770125995894701e-17
gilliland_1982,1925-2024,model_forcing,0.3694377955173602,0.36943108623387255,0.3694445048008479,3.4231038202405173e-06
seidel_1983,1983-2024,model_time,0.031309184768900065,0.03112272992131361,0.03149563961648652,9.513002427880356e-05
seidel_1983,1983-2024,model_forcing,0.6111406036154299,0.5748291501343123,0.6474520570965474,0.01852625177608037
hansen_1984_lower,1980-2010,model_time,0.016717627375806544,0.0101786147596312,0.023256639991981888,0.0033362309266200736
hansen_1984_lower,1980-2010,model_forcing,0.3812177891536649,0.3582846900732281,0.40415088823410167,0.011700560755324888
hansen_1984_median,1980-2010,model_time,0.018284642168548488,0.01766738894087,0.018901895396226977,0.0003149251161624943
hansen_1984_median,1980-2010,model_forcing,0.41702162331754,0.388407634220618,0.445635612414462,0.014598974029041825
hansen_1984_upper,1980-2010,model_time,0.01985165696129043,0.019150526180227063,0.0205527877423538,0.0003577197862568204
hansen_1984_upper,1980-2010,model_forcing,0.4528254574814152,0.42030870139552196,0.4853422135673084,0.01659018167647613
bach_1985,1980-2024,model_time,0.02749907214274258,0.025232824421847797,0.029765319863637365,0.0011562488371912162
bach_1985,1980-2024,model_forcing,0.5999558546032584,0.5999465576480136,0.5999651515585032,4.74334451263477e-06
hoffert_1985,1985-2024,model_time,0.03510458302241988,0.03371766896256786,0.0364914970822719,0.0007076092142102154
hoffert_1985,1985-2024,model_forcing,0.5334637644923677,0.4955640324571377,0.5713634965275977,0.019336597977158154
dickinson_1986_lower,1985-2024,model_time,0.007692307692307618,0.007692307692307421,0.007692307692307815,1.0045465026702429e-16
dickinson_1986_lower,1985-2024,model_forcing,0.22727272727272718,0.22727272727272715,0.2272727272727272,1.416100796715761e-17
dickinson_1986_median,1985-2024,model_time,0.054615384615384066,0.05461538461538245,0.05461538461538568,8.248787140869307e-16
dickinson_1986_median,1985-2024,model_forcing,0.7553191489361701,0.7553097585448578,0.7553285393274825,4.791015975670355e-06
dickinson_1986_upper,1985-2024,model_time,0.10153846153846052,0.10153846153845733,0.10153846153846371,1.6285159162231251e-15
dickinson_1986_upper,1985-2024,model_forcing,0.9166666666666664,0.9166666666666663,0.9166666666666665,5.664403186863044e-17
jones_1987,1987-2024,model_time,0.025504354982274442,0.024738955364123516,0.02626975460042537,0.00039051000926067664
jones_1987,1987-2024,model_forcing,0.4783325819346107,0.4721436775640439,0.4845214863051775,0.0031576042706973444
peng_1987_lower,1987-2024,model_time,0.012361008302659262,0.00692126272823951,0.017800753877079016,0.0027753803951121193
peng_1987_lower,1987-2024,model_forcing,0.3968823979100609,0.394217828995803,0.39954696682431884,0.0013594739358458803
peng_1987_median,1987-2024,model_time,0.013923542501751106,0.013532956404428519,0.014314128599073694,0.00019927862108295283
peng_1987_median,1987-2024,model_forcing,0.4469500382908499,0.4406247055358506,0.4532753710458492,0.0032272105892853582
peng_1987_upper,1987-2024,model_time,0.015486076700842951,0.015061224214733285,0.015910929186952617,0.00021676147250493177
peng_1987_upper,1987-2024,model_forcing,0.49701767867163893,0.48531509644675136,0.5087202608965264,0.005970705216779358
ramanathan_1987_a_lower,1987-2024,model_time,0.01452160795688842,0.014338545260395552,0.014704670653381288,9.339933494534084e-05
ramanathan_1987_a_lower,1987-2024,model_forcing,0.3289106467102486,0.3191555449785594,0.3386657484419378,0.004977092720249591
ramanathan_1987_a_median,1987-2024,model_time,0.01531164882306636,0.015062999012551486,0.015560298633581235,0.00012686214822187452
ramanathan_1987_a_median,1987-2024,model_forcing,0.34679050578061277,0.33412684159615275,0.3594541699650728,0.006461053155336746
ramanathan_1987_a_upper,1987-2024,model_time,0.0161016896892443,0.015746254014401825,0.016457125364086774,0.0001813447320624871
ramanathan_1987_a_upper,1987-2024,model_forcing,0.3646703648509769,0.34758005698760375,0.3817606727143501,0.008719544828251621
ramanathan_1987_b_lower,1980-2024,model_time,0.020226929969073378,0.020226929969073163,0.020226929969073593,1.0974781174547148e-16
ramanathan_1987_b_lower,1980-2024,model_forcing,0.4618937644341803,0.4618821775775592,0.46190535129080135,5.911661541357009e-06
ramanathan_1987_b_median,1980-2024,model_time,0.03531751658449492,0.035317516584494744,0.03531751658449509,8.850629979473506e-17
ramanathan_1987_b_median,1980-2024,model_forcing,0.5106765503687513,0.5106765503687511,0.5106765503687514,5.664403186863044e-17
ramanathan_1987_b_upper,1980-2024,model_time,0.050408103199916454,0.05040810319991615,0.05040810319991676,1.557710876387337e-16
ramanathan_1987_b_upper,1980-2024,model_forcing,0.5332764505119454,0.5332764505026563,0.5332764505212345,4.73934950241644e-12
tricot_1987,1987-2024,model_time,0.028824512795601963,0.0284575560327426,0.029191469558461327,0.0001872228381935531
tricot_1987,1987-2024,model_forcing,0.5632354269209043,0.5229103052714923,0.6035605485703164,0.02057404165786329
wigley_1987_lower,1985-2024,model_time,0.011685174614716558,0.011423184336423146,0.011947164893009971,0.00013366850933337385
wigley_1987_lower,1985-2024,model_forcing,0.26116502950200177,0.2611650295020017,0.2611650295020018,2.832201593431522e-17
wigley_1987_average,1985-2024,model_time,0.019889658918666484,0.019443718010315383,0.020335599827017586,0.00022752087160770486
wigley_1987_average,1985-2024,model_forcing,0.29635748028595954,0.2963574802859595,0.2963574802859596,2.832201593431522e-17
wigley_1987_upper,1985-2024,model_time,0.044751732555947506,0.04366575931835493,0.04583770579354008,0.0005540679783635585
wigley_1987_upper,1985-2024,model_forcing,0.44453622031915463,0.4445362203191545,0.44453622031915474,5.664403186863044e-17
hansen_1988,1988-2024,model_time,0.029063537221432564,0.024329709474690278,0.03379736496817485,0.0024152182381338193
hansen_1988,1988-2024,model_forcing,0.6022330274703598,0.48884519918575375,0.7156208557549658,0.05785093279826838
macdonald_1988_lower,1980-2024,model_time,0.020264688694960613,0.020264688694960564,0.02026468869496066,2.4781763942525817e-17
macdonald_1988_lower,1980-2024,model_forcing,0.47169811320754707,0.4716922656852771,0.471703960729817,2.983429729567743e-06
macdonald_1988_median,1980-2024,model_time,0.025316420522475833,0.025316420522475784,0.02531642052247588,2.4781763942525817e-17
macdonald_1988_median,1980-2024,model_forcing,0.5017943238077498,0.5017943238077497,0.5017943238077499,5.664403186863044e-17
macdonald_1988_upper,1980-2024,model_time,0.03036815234999105,0.03036815234999085,0.030368152349991247,1.0089718176599796e-16
macdonald_1988_upper,1980-2024,model_forcing,0.5241090146750526,0.5241090146750524,0.5241090146750527,5.664403186863044e-17
ciborowski _1989_lower,1985-2024,model_time,0.012109156320980273,0.012051636469600916,0.01216667617235963,2.934686294865131e-05
ciborowski _1989_lower,1985-2024,model_forcing,0.22566838995568683,0.2256683899556868,0.22566838995568686,1.416100796715761e-17
ciborowski _1989_median,1985-2024,model_time,0.028175297750302718,0.02804895447641428,0.028301641024191155,6.446085402471286e-05
ciborowski _1989_median,1985-2024,model_forcing,0.5056650976819805,0.5056194402499591,0.505710755114002,2.329460817420964e-05
ciborowski _1989_upper,1985-2024,model_time,0.04424143917962517,0.04404627248322765,0.04443660587602269,9.957484510077531e-05
ciborowski _1989_upper,1985-2024,model_forcing,0.7657000686341797,0.7657000686341795,0.7657000686341799,1.1328806373726087e-16
harvey_1989,1989-2024,model_time,0.020118107547104185,0.01983955584128577,0.0203966592529226,0.0001421182172542939
harvey_1989,1989-2024,model_forcing,0.44119917223518945,0.3982278587006169,0.484170485769762,0.021924139558455392
budyko_1990,1980-2024,model_time,0.024213218563316045,0.02221490584687602,0.02621153127975607,0.0010195473043061347
budyko_1990,1980-2024,model_forcing,0.5143564081102686,0.2914165698425578,0.7372962463779794,0.11374481544270959
etkin_1990_lower,1990-2024,model_time,0.008184409499999991,0.008184409499999847,0.008184409500000135,7.34602288296301e-17
etkin_1990_lower,1990-2024,model_forcing,0.23132584309975654,0.22478224244966663,0.23786944374984645,0.0033385717602499535
etkin_1990_median,1990-2024,model_time,0.03674547614999989,0.03674547614999967,0.0367454761500001,1.0974781174547148e-16
etkin_1990_median,1990-2024,model_forcing,0.7094578067317576,0.7056043591152101,0.7133112543483051,0.001966044702320148
etkin_1990_upper,1990-2024,model_time,0.06530654279999978,0.06530654279999926,0.06530654280000031,2.690591513759946e-16
etkin_1990_upper,1990-2024,model_forcing,0.9570092255008535,0.9312799533143946,0.9827384976873125,0.013127179686968842
ipcc_1990_lower,1990-2024,model_time,0.018722689075630194,0.018067885346045937,0.01937749280521445,0.00033408353550217173
ipcc_1990_lower,1990-2024,model_forcing,0.2919854985990587,0.2859680653903188,0.2980029318077986,0.0030701189840509568
ipcc_1990_average,1990-2024,model_time,0.025770308123249222,0.02480886626476548,0.026731749981732965,0.0004905315604508891
ipcc_1990_average,1990-2024,model_forcing,0.4017348256548099,0.3880864823043505,0.4153831690052693,0.006963440484928261
ipcc_1990_upper,1990-2024,model_time,0.03785994397759092,0.03513267943783892,0.04058720851734292,0.0013914614998734695
ipcc_1990_upper,1990-2024,model_forcing,0.590582386093791,0.5706049685063506,0.6105598036812314,0.010192559993592054
mitchell_1990,1989-2024,model_time,0.016333279969498016,0.014336153528940722,0.01833040641005531,0.0010189420615088233
mitchell_1990,1989-2024,model_forcing,0.30053235143876444,0.2699391660164959,0.33112553686103297,0.015608768072585981
rotmans_1990_lower,1990-2024,model_time,0.00813376537086833,-0.00022872716471833768,0.016496257906455,0.004266577824278913
rotmans_1990_lower,1990-2024,model_forcing,0.3823764614388505,0.3271681464331566,0.4375847764445444,0.028167507655966276
rotmans_1990_median,1990-2024,model_time,0.008959799172969171,-0.0021134552909195317,0.020033053636857874,0.005649619624433012
rotmans_1990_median,1990-2024,model_forcing,0.4214525917441188,0.34215188861633206,0.5007532948719056,0.0404595424121361
rotmans_1990_upper,1990-2024,model_time,0.00978583297507001,0.007257454003987659,0.012314211946152362,0.0012899892709603833
rotmans_1990_upper,1990-2024,model_forcing,0.4605287220493871,0.3741262537799649,0.5469311903188092,0.04408289197419498
wang_1990_lower,1985-2024,model_time,0.01466666666666652,0.014666666666666151,0.01466666666666689,1.8851841856278567e-16
wang_1990_lower,1985-2024,model_forcing,0.33958163874691455,0.3281108415514067,0.3510524359424224,0.005852447548728502
wang_1990_median,1985-2024,model_time,0.023999999999999768,0.023999999999999258,0.024000000000000278,2.6020852139652106e-16
wang_1990_median,1985-2024,model_forcing,0.555679045222224,0.5411185373368228,0.5702395531076252,0.007428830553776121
wang_1990_upper,1985-2024,model_time,0.03333333333333302,0.03333333333333198,0.03333333333333406,5.310377987684104e-16
wang_1990_upper,1985-2024,model_forcing,0.7717764516975334,0.7460212944261954,0.7975316089688714,0.01314038636292757
warrick_1990_lower,1990-2024,model_time,0.010030203983473361,0.009833301484647181,0.010227106482299542,0.000100460458584786
warrick_1990_lower,1990-2024,model_forcing,0.3381878688675979,0.3313877259329166,0.34498801180227917,0.00346946068095984
warrick_1990_median,1990-2024,model_time,0.03414901802605032,0.03357023202734152,0.03472780402475911,0.00029529897893305847
warrick_1990_median,1990-2024,model_forcing,0.757206037404053,0.7322892907196469,0.7821227840884591,0.012712625859390885
warrick_1990_upper,1990-2024,model_time,0.058267832068627276,0.05662287323257037,0.05991279090468418,0.0008392647122739317
warrick_1990_upper,1990-2024,model_forcing,0.9624090889484771,0.9119261739224394,1.0128920039745148,0.02575658929899885
jastrow_1991_lower,1991-2024,model_time,0.0039833801440884485,0.00385959355381583,0.0041071667343610665,6.315642360847867e-05
jastrow_1991_lower,1991-2024,model_forcing,0.061989313829780644,0.06198931382978064,0.06198931382978065,3.540251991789402e-18
jastrow_1991_average,1991-2024,model_time,0.010954295396243235,0.010613882103088087,0.011294708689398384,0.00017368025160976986
jastrow_1991_average,1991-2024,model_forcing,0.17047061303189676,0.17047061303189676,0.17047061303189676,0.0
jastrow_1991_upper,1991-2024,model_time,0.017925210648398016,0.017368170656382135,0.018482250640413898,0.00028420407755912316
jastrow_1991_upper,1991-2024,model_forcing,0.2789519122340129,0.2789399921916129,0.27896383227641286,6.0816542856995e-06
bongaarts_1992,1992-2024,model_time,0.024024974945186666,0.022418842915043573,0.02563110697532976,0.0008194551174199453
bongaarts_1992,1992-2024,model_forcing,0.6417972353141755,0.6112492079109837,0.6723452627173674,0.015585728266934615
cubasch_1992,1992-2024,model_time,0.023569218308823033,0.02068859325265223,0.026449843364993834,0.0014697066613116336
cubasch_1992,1992-2024,model_forcing,0.36388517237325735,0.30865900131347035,0.41911134343304435,0.02817661788764643
hoffert_1992_lower,1992-2024,model_time,0.020312499999999623,0.02031249999999919,0.020312500000000056,2.2126574948683764e-16
hoffert_1992_lower,1992-2024,model_forcing,0.31390713510013507,0.2975504251888073,0.33026384501146283,0.008345260158840694
hoffert_1992_median,1992-2024,model_time,0.023749999999999563,0.02374999999999891,0.023750000000000215,3.3278368722820383e-16
hoffert_1992_median,1992-2024,model_forcing,0.367029881040158,0.3540353066289615,0.3800244554513545,0.006629884903671685
hoffert_1992_upper,1992-2024,model_time,0.027187499999999497,0.02718749999999893,0.027187500000000062,2.885305373308363e-16
hoffert_1992_upper,1992-2024,model_forcing,0.42015262698018085,0.39811635415725427,0.44218889980310744,0.011242996338227848
ipcc_1992_lower,1990-2024,model_time,0.016352790704481753,0.016207572239143455,0.01649800916982005,7.409105374402969e-05
ipcc_1992_lower,1990-2024,model_forcing,0.3464693550591271,0.3432339567457621,0.3497047533724921,0.001650713425186225
ipcc_1992_average,1990-2024,model_time,0.024861238882072763,0.02454421312172704,0.025178264642418485,0.00016174783691108287
ipcc_1992_average,1990-2024,model_forcing,0.5267546734249958,0.5203809541581917,0.5331283926917999,0.003251897585104122
ipcc_1992_upper,1990-2024,model_time,0.037279930227170764,0.03704935764479902,0.03751050280954251,0.00011763907263864612
ipcc_1992_upper,1990-2024,model_forcing,0.789865537063211,0.7804109434792637,0.7993201306471585,0.004823772236707858
kim_1992,1992-2024,model_time,0.02439596197894336,0.023182324996666316,0.025609598961220406,0.0006192025419780842
kim_1992,1992-2024,model_forcing,0.3778970189289862,0.3712063877766545,0.3845876500813179,0.003413587322618217
nordhaus_1992,1992-2024,model_time,0.02107860610695146,0.020284489963960647,0.021872722249942276,0.0004051612974442932
nordhaus_1992,1992-2024,model_forcing,0.6213496385411196,0.6080653680812,0.6346339090010391,0.0067776890101630275
rao_1992,1992-2024,model_time,0.030364705776068986,0.02994430466303057,0.030785106889107402,0.00021449036379511032
rao_1992,1992-2024,model_forcing,0.5883964368928113,0.566005236788535,0.6107876369970876,0.01142408168585526
roeckner_1992,1992-2024,model_time,0.024357690436496812,0.01207989239517545,0.036635488477818175,0.006264182674143553
roeckner_1992,1992-2024,model_forcing,0.3784132411859174,0.19869142117571648,0.5581350611961183,0.09169480612765353
wigley _1992,1992-2024,model_time,0.018488881697192164,0.01797452296258866,0.019003240431795666,0.00026242792581811355
wigley _1992,1992-2024,model_forcing,0.44562163776201846,0.4177746816320501,0.4734685938919868,0.01420763067855528
manabe_1993,1992-2024,model_time,0.027336229946523627,0.02225080630706355,0.0324216535859837,0.002594603897683712
manabe_1993,1992-2024,model_forcing,0.5115073808304522,0.4077482830377672,0.6152664786231372,0.05293831520034949
ipcc_1995_lower,1995-2024,model_time,0.00862291434927689,0.007998834163898403,0.009246994534655375,0.0003184082578461663
ipcc_1995_lower,1995-2024,model_forcing,0.27687152567528817,0.2704021764279836,0.28334087492259274,0.003300688391481928
ipcc_1995_average,1995-2024,model_time,0.013012235817574937,0.01278264906792159,0.013241822567228284,0.00011713609676191159
ipcc_1995_average,1995-2024,model_forcing,0.33331905226966674,0.32740677536737123,0.33923132917196225,0.003016467807293628
ipcc_1995_upper,1995-2024,model_time,0.019223581757508133,0.017691767501000592,0.020755396014015673,0.0007815378859732349
ipcc_1995_upper,1995-2024,model_forcing,0.471901077050094,0.45109464576342573,0.49270750833676225,0.010615526166667479
ipcc_2001_lower,2000-2024,model_time,0.014069230769230643,0.002623892851606611,0.025514568686854675,0.005839458121236751
ipcc_2001_lower,2000-2024,model_forcing,0.38131084446456864,0.319230412492709,0.4433912764364283,0.03167368978156104
ipcc_2001_average,2000-2024,model_time,0.01725384615384602,0.016678583403090457,0.01782910890460158,0.00029350140344671527
ipcc_2001_average,2000-2024,model_forcing,0.4676703645007924,0.43890290076180927,0.49643782823977556,0.014677277417848545
ipcc_2001_upper,2000-2024,model_time,0.028884615384615148,0.0267617726972768,0.031007458071953497,0.0010830830037440557
ipcc_2001_upper,2000-2024,model_forcing,0.7812202852614897,0.6305997500301522,0.9318408204928271,0.0768472118527232
ipcc_2007_lower,2000-2024,model_time,0.015756796307692153,0.011989275068251305,0.019524317547133,0.0019222047140004328
ipcc_2007_lower,2000-2024,model_forcing,0.3921874230661304,0.28991382224621576,0.49446102388604507,0.052180408581589115
ipcc_2007_average,2000-2024,model_time,0.020934622030769057,0.01920511289071952,0.022664131170818596,0.0008824026224742543
ipcc_2007_average,2000-2024,model_forcing,0.5027019479001029,0.3487628176885514,0.6566410781116544,0.07854037255691404
ipcc_2007_upper,2000-2024,model_time,0.026112439153845958,0.022877715641452665,0.02934716266623925,0.0016503691389761698
ipcc_2007_upper,2000-2024,model_forcing,0.6132162342156956,0.3340144439874597,0.8924180244439315,0.14244989297358973
